id;first_name;last_name;email;phone_number
1;Percival;Hansen;Tabitha.Gleason48@hotmail.com;Islands primary Palau
2;Emile;Feil;Guiseppe94@gmail.com;parsing
3;Renee;Conroy;Alisha_Marquardt7@hotmail.com;brand
4;Sofia;Leffler;Chadd_Vandervort@hotmail.com;payment Account Buckinghamshire
5;Aniya;Jast;Marcia_Heathcote33@gmail.com;JBOD
6;Chesley;Ryan;Adan41@gmail.com;Clothing Fundamental Soft
7;Madyson;Abbott;Ludie1@hotmail.com;Japan Gloves innovative
8;Tremaine;Wisoky;Maxwell89@yahoo.com;Sausages Bedfordshire Metal
9;Elroy;Schroeder;Zoie7@yahoo.com;open-source Dynamic Upgradable
10;Mariane;Gottlieb;Cristobal69@gmail.com;Polarised Licensed end-to-end
