id;title;notes;ingredients;steps;post_date
1;Shoes Circle Louisiana;Niue;Orchestrator invoice Orchestrator;Books Wooden Panama;2021-12-14T12:32:56
2;Global;Union hybrid Sterling;input;Wyoming;2021-12-14T02:59:44
3;Fish;neural;rich;generating Bedfordshire;2021-12-14T00:52:25
4;Practical quantify;GB Grocery;24/365 Mexico Qatari;Assurance;2021-12-14T19:42:09
5;Jewelery Loan;Ariary;Sleek;Division Utah Mountains;2021-12-14T18:42:48
6;deposit Human Lane;Tala;Baby invoice Pakistan;back Lake;2021-12-14T03:59:05
7;invoice Central Shoes;deposit drive;framework Money;Bike;2021-12-14T08:51:29
8;Home Cross-platform;Senior Wooden Representative;Soft Awesome JBOD;Frozen transmit Bacon;2021-12-14T03:34:04
9;deposit up;generating Central object-oriented;Soft interface;Vermont Cambridgeshire cutting-edge;2021-12-14T15:07:22
10;integrated Islands;index Cambridgeshire Shirt;Fantastic Account;Account Mouse Phased;2021-12-14T15:48:51
